load_id,is_outlier
TR-000051,True
TR-000191,True
TR-000295,True
TR-000389,True
TR-000440,True
TR-000470,True
TR-000509,True
TR-000786,True
TR-000871,True
TR-000873,True
TR-001028,True
TR-001150,True
TR-001161,True
TR-001176,True
TR-001330,True
TR-001352,True
TR-001416,True
TR-001418,True
TR-001467,True
TR-001490,True
TR-001556,True
TR-001629,True
TR-001747,True
TR-001948,True
TR-001950,True
TR-002031,True
TR-002041,True
TR-002048,True
TR-002073,True
TR-002203,True
TR-002219,True
TR-002222,True
TR-002224,True
TR-002269,True
TR-002470,True
TR-002512,True
TR-002515,True
TR-002663,True
TR-002769,True
TR-002786,True
TR-002804,True
TR-002841,True
TR-002869,True
TR-002890,True
TR-002976,True
TR-003029,True
TR-003171,True
TR-003187,True
TR-003253,True
TR-003295,True
TR-003354,True
TR-003527,True
TR-003533,True
TR-003563,True
TR-003583,True
TR-003683,True
TR-003687,True
TR-003756,True
TR-003826,True
TR-003880,True
TR-003896,True
TR-003909,True
TR-003996,True
TR-004035,True
TR-004042,True
TR-004076,True
TR-004159,True
TR-004268,True
TR-004315,True
TR-004319,True
TR-004389,True
TR-004420,True
TR-004486,True
TR-004490,True
TR-004543,True
TR-004658,True
TR-004675,True
TR-004744,True
TR-004764,True
TR-004780,True
TR-004795,True
TR-004987,True
TR-004991,True
TR-005051,True
TR-005135,True
TR-005194,True
TR-005263,True
TR-005449,True
TR-005524,True
TR-005546,True
TR-005683,True
TR-005727,True
TR-005828,True
TR-005901,True
TR-005913,True
TR-005962,True
TR-006035,True
TR-006079,True
TR-006123,True
TR-006169,True
TR-006360,True
TR-006378,True
TR-006708,True
TR-006756,True
TR-006796,True
TR-006808,True
TR-006809,True
TR-006852,True
TR-006877,True
TR-006880,True
TR-006982,True
TR-007040,True
TR-007196,True
TR-007209,True
TR-007242,True
TR-007297,True
TR-007332,True
TR-007361,True
TR-007376,True
TR-007423,True
TR-007455,True
TR-007458,True
TR-007534,True
TR-007633,True
TR-007691,True
TR-007772,True
TR-007842,True
TR-007954,True
TR-007985,True
TR-008052,True
TR-008056,True
TR-008156,True
TR-008204,True
TR-008622,True
TR-009066,True
TR-009123,True
TR-009138,True
TR-009156,True
TR-009387,True
TR-009429,True
TR-009527,True
TR-009675,True
TR-009695,True
TR-009716,True
TR-009766,True
TR-009807,True
TR-009833,True
TR-009877,True
TR-009978,True
TR-009984,True
TR-009990,True
TR-010000,True
TR-010058,True
TR-010122,True
TR-010174,True
TR-010186,True
TR-010384,True
TR-010386,True
TR-010387,True
TR-010594,True
TR-010600,True
TR-010636,True
TR-010863,True
TR-010898,True
TR-010916,True
TR-010955,True
TR-010958,True
TR-010960,True
TR-011094,True
TR-011237,True
TR-011344,True
TR-011363,True
TR-011364,True
TR-011398,True
TR-011425,True
TR-011484,True
TR-011493,True
TR-011512,True
TR-011577,True
TR-011598,True
TR-011671,True
TR-011714,True
TR-011921,True
TR-011935,True
TR-011959,True
TR-012059,True
TR-012185,True
TR-012214,True
TR-012268,True
TR-012307,True
TR-012448,True
TR-012517,True
TR-012547,True
TR-012737,True
TR-012923,True
TR-012925,True
TR-012955,True
TR-013064,True
TR-013077,True
TR-013198,True
TR-013419,True
TR-013512,True
TR-013848,True
TR-013876,True
TR-013980,True
TR-014084,True
TR-014103,True
TR-014113,True
TR-014177,True
TR-014315,True
TR-014612,True
TR-014758,True
TR-014786,True
TR-014991,True
TR-015021,True
TR-015037,True
TR-015156,True
TR-015253,True
TR-015395,True
TR-015478,True
TR-015538,True
TR-015559,True
TR-015612,True
TR-015749,True
TR-015897,True
TR-015954,True
TR-015989,True
TR-016041,True
TR-016104,True
TR-016128,True
TR-016265,True
TR-016400,True
TR-016644,True
TR-016709,True
TR-016760,True
TR-016926,True
TR-017014,True
TR-017024,True
TR-017071,True
TR-017081,True
TR-017208,True
TR-017372,True
TR-017385,True
TR-017603,True
TR-017709,True
TR-017764,True
TR-017795,True
TR-017815,True
TR-017824,True
TR-017835,True
TR-017929,True
TR-017964,True
TR-017982,True
TR-017987,True
TR-018016,True
TR-018071,True
TR-018109,True
TR-018163,True
TR-018271,True
TR-018296,True
TR-018417,True
TR-018418,True
TR-018560,True
TR-018570,True
TR-018720,True
TR-018740,True
TR-018815,True
TR-018893,True
TR-018895,True
TR-018907,True
TR-018955,True
TR-019008,True
TR-019041,True
TR-019063,True
TR-019091,True
TR-019113,True
TR-019396,True
TR-019517,True
TR-019671,True
TR-019752,True
TR-019803,True
TR-019854,True
TR-019898,True
TR-019914,True
TR-020116,True
TR-020177,True
TR-020246,True
TR-020544,True
TR-020578,True
TR-020759,True
TR-020775,True
TR-020874,True
TR-020882,True
TR-020883,True
TR-020991,True
TR-021056,True
TR-021071,True
TR-021084,True
TR-021391,True
TR-021400,True
TR-021436,True
TR-021543,True
TR-021578,True
TR-021610,True
TR-021703,True
TR-021796,True
TR-021896,True
TR-021903,True
TR-021924,True
TR-021951,True
TR-021969,True
TR-022004,True
TR-022061,True
TR-022255,True
TR-022459,True
TR-022465,True
TR-022474,True
TR-022499,True
TR-022522,True
TR-022549,True
TR-022644,True
TR-022731,True
TR-023044,True
TR-023295,True
TR-023305,True
TR-023370,True
TR-023403,True
TR-023457,True
TR-023486,True
TR-023560,True
TR-023574,True
TR-023605,True
TR-023762,True
TR-023776,True
TR-023803,True
TR-023818,True
TR-023974,True
TR-024040,True
TR-024102,True
TR-024128,True
TR-024131,True
TR-024159,True
TR-024282,True
TR-024341,True
TR-024401,True
TR-024432,True
TR-024478,True
TR-024566,True
TR-024590,True
TR-024598,True
TR-024636,True
TR-024673,True
TR-024779,True
TR-024785,True
TR-024786,True
TR-024829,True
TR-025173,True
TR-025178,True
TR-025526,True
TR-025655,True
TR-025799,True
TR-025800,True
TR-025885,True
TR-026011,True
TR-026202,True
TR-026236,True
TR-026437,True
TR-026575,True
TR-026643,True
TR-026687,True
TR-026810,True
TR-026947,True
TR-026991,True
TR-026995,True
TR-027101,True
TR-027180,True
TR-027320,True
TR-027381,True
TR-027388,True
TR-027396,True
TR-027472,True
TR-027510,True
TR-027615,True
TR-027639,True
TR-027685,True
TR-027813,True
TR-027836,True
TR-027841,True
TR-027970,True
TR-028013,True
TR-028095,True
TR-028216,True
TR-028220,True
TR-028544,True
TR-028598,True
TR-028700,True
TR-028750,True
TR-028775,True
TR-028780,True
TR-028783,True
TR-028814,True
TR-028825,True
TR-028996,True
TR-029055,True
TR-029056,True
TR-029058,True
TR-029089,True
TR-029239,True
TR-029268,True
TR-029278,True
TR-029286,True
TR-029459,True
TR-029467,True
TR-029478,True
TR-029645,True
TR-029664,True
TR-029790,True
TR-029811,True
TR-029888,True
TR-030016,True
TR-030247,True
TR-030282,True
TR-030321,True
TR-030342,True
TR-030511,True
TR-030554,True
TR-030706,True
TR-030750,True
TR-030892,True
TR-031019,True
TR-031131,True
TR-031202,True
TR-031260,True
TR-031294,True
TR-031303,True
TR-031333,True
TR-031461,True
TR-031620,True
TR-031730,True
TR-031746,True
TR-031788,True
TR-031963,True
TR-032085,True
TR-032353,True
TR-032460,True
TR-032580,True
TR-032678,True
TR-032679,True
TR-032850,True
TR-032869,True
TR-032878,True
TR-032946,True
TR-033039,True
TR-033061,True
TR-033075,True
TR-033087,True
TR-033119,True
TR-033233,True
TR-033257,True
TR-033274,True
TR-033305,True
TR-033312,True
TR-033550,True
TR-033586,True
TR-033647,True
TR-033770,True
TR-034058,True
TR-034288,True
TR-034344,True
TR-034367,True
TR-034374,True
TR-034418,True
TR-034474,True
TR-034515,True
TR-034535,True
TR-034584,True
TR-034654,True
TR-034753,True
TR-034934,True
TR-034941,True
TR-035015,True
TR-035023,True
TR-035103,True
TR-035197,True
TR-035209,True
TR-035228,True
TR-035282,True
TR-035298,True
TR-035372,True
TR-035450,True
TR-035469,True
TR-035476,True
TR-035524,True
TR-035579,True
TR-035590,True
TR-035834,True
TR-035905,True
TR-035980,True
TR-035999,True
TR-036101,True
TR-036174,True
TR-036337,True
TR-036371,True
TR-036392,True
TR-036598,True
TR-036610,True
TR-036616,True
TR-036644,True
TR-036655,True
TR-036680,True
TR-036924,True
TR-036930,True
TR-036953,True
TR-036961,True
TR-037174,True
TR-037201,True
TR-037234,True
TR-037314,True
TR-037362,True
TR-037427,True
TR-037750,True
TR-037765,True
TR-037876,True
TR-037897,True
TR-037933,True
TR-037944,True
TR-037963,True
TR-038001,True
TR-038045,True
TR-038243,True
TR-038309,True
TR-038329,True
TR-038460,True
TR-038591,True
TR-038710,True
TR-038772,True
TR-038803,True
TR-038838,True
TR-039292,True
TR-039307,True
TR-039359,True
TR-039363,True
TR-039368,True
TR-039439,True
TR-039460,True
TR-039480,True
TR-039514,True
TR-039546,True
TR-039559,True
TR-039612,True
TR-039656,True
TR-039677,True
TR-039785,True
TR-039909,True
TR-040046,True
TR-040049,True
TR-040060,True
TR-040080,True
TR-040097,True
TR-040159,True
TR-040172,True
TR-040174,True
TR-040274,True
TR-040300,True
TR-040323,True
TR-040596,True
TR-040601,True
TR-040620,True
TR-040679,True
TR-040724,True
TR-040775,True
TR-040874,True
TR-041089,True
TR-041163,True
TR-041307,True
TR-041368,True
TR-041721,True
TR-041987,True
TR-042033,True
TR-042150,True
TR-042259,True
TR-042302,True
TR-042354,True
TR-042438,True
TR-042453,True
TR-042459,True
TR-042514,True
TR-042646,True
TR-042736,True
TR-042800,True
TR-042823,True
TR-042882,True
TR-042992,True
TR-043069,True
TR-043077,True
TR-043102,True
TR-043131,True
TR-043185,True
TR-043303,True
TR-043385,True
TR-043435,True
TR-043540,True
TR-043643,True
TR-043674,True
TR-043691,True
TR-043705,True
TR-043727,True
TR-043887,True
TR-043917,True
TR-044015,True
TR-044162,True
TR-044176,True
TR-044215,True
TR-044268,True
TR-044271,True
TR-044287,True
TR-044312,True
TR-044345,True
TR-044414,True
TR-044423,True
TR-044503,True
TR-044524,True
TR-044556,True
TR-044614,True
TR-044671,True
TR-044693,True
TR-044891,True
TR-044983,True
TR-045022,True
TR-045024,True
TR-045060,True
TR-045174,True
TR-045258,True
TR-045286,True
TR-045419,True
TR-045425,True
TR-045484,True
TR-045555,True
TR-045774,True
TR-045820,True
TR-045834,True
TR-045988,True
TR-045992,True
TR-046063,True
TR-046142,True
TR-046174,True
TR-046179,True
TR-046214,True
TR-046260,True
TR-046367,True
TR-046400,True
TR-046426,True
TR-046517,True
TR-046583,True
TR-046614,True
TR-046668,True
TR-046671,True
TR-046720,True
TR-046731,True
TR-046778,True
TR-046916,True
TR-046980,True
TR-047002,True
TR-047299,True
TR-047504,True
TR-047537,True
TR-047539,True
TR-047587,True
TR-047657,True
TR-047662,True
TR-047702,True
TR-047743,True
TR-047796,True
TR-047821,True
TR-047840,True
TR-047899,True
TR-047993,True
